variable,vif
mgnrega_lag1,1.0013547335734283
rainfall,1.0013547335734283
