variable,vif
mgnrega,1074588314810.4261
mgnrega_x_women,1074588314810.4261
women_share,5.8041830550380125
mgnrega_x_scst,4.438876952407398
scst_share,3.6177511864498695
rainfall,1.022625352345523
