term,coef,std_err,p_value
mgnrega,83.806603318515,19.674041227346546,2.0465073718321145e-05
rainfall_shock,350.39886555727156,205.08048107660133,0.08752655497519396
mgnrega:rainfall_shock,-0.32407026791141025,9.873681273204873,0.9738168329390612
