model,term,coef,p_value
income,mgnrega,82.81370528936478,2.3986712575140733e-05
yield,mgnrega,-0.018960947442490078,0.5289688407640396
combined,distortion,82.83266623680727,
