variable,vif
rainfall,1.0025710608538103
mgnrega,1.00257106085381
