term,coef,std_err,p_value
mgnrega,82.81370527706738,19.60919710522491,2.408500503378344e-05
rainfall,1.510660684499693,0.5306085427257714,0.004412861696788592
population,-0.000790744102174304,5.508423810351862e-05,9.88698169775531e-47
