model,term,coef,p_value
yield,mgnrega_lag1,-0.04326073543427646,0.17599937785252684
income,mgnrega_lag1,84.4834039363302,5.597252400741641e-05
