variable,vif
mgnrega_x_shock,3.9682486833762143
rainfall_shock,3.9640652445494324
mgnrega,1.002168554277542
