variable,vif
mgnrega,1.0174495276954187
population,1.014862714785686
rainfall,1.0025731453834756
