term,coef,p_value
mgnrega_lag1_z,587.7708236187887,0.015938072513291532
mgnrega_z,387.2366147268527,0.04476534798327305
mgnrega_lead1_z,-47.011703812004015,0.8398430664193293
