period,shock,distribution,income,distortion,structural,composite_equal,composite_weighted
Post-COVID,0.3307466287924502,0.620326634226282,0.5366015625,0.42142857142857143,0.4609043693102387,0.4740015532515084,0.4694674561197024
Pre-COVID,0.3221934912935432,0.6850726810324832,0.5587109375,0.37410714285714286,0.44671198409068047,0.47735924735477,0.47476356477658993
