metric,mean,std
shock,0.6144921722162789,0.10939450609304033
distribution,0.34725759786896926,0.21897782264932836
income,0.34725910172692737,0.21897939121551965
distortion,0.6527408982730727,0.21897939121551968
structural,0.7601430523729462,0.1631224725570104
MGNREGA_Index,0.5443785644916389,0.03227016336835389
