metric,post_minus_pre
shock,-0.04275852088585064
distribution,0.07329985552855045
income,0.07330035749577857
distortion,-0.07330035749577857
structural,-0.06519619469223581
MGNREGA_Index,-0.006930972009907221
